<?xml version="1.0" encoding="UTF-8"?>
<!DOCTYPE generatorConfiguration
        PUBLIC "-//mybatis.org//DTD MyBatis Generator Configuration 1.0//EN"
        "http://mybatis.org/dtd/mybatis-generator-config_1_0.dtd">
<generatorConfiguration>
    <context id="DB2Tables" targetRuntime="MyBatis3">
        <!-- 生成mysql带有分页的sql的插件  这个可以自己写，-->
<!--        <plugin type="generator.MysqlPaginationPlugin" />-->
        <plugin type="org.mybatis.generator.plugins.ToStringPlugin" />
        <plugin type="org.mybatis.generator.plugins.SerializablePlugin" />
<!--        &lt;!&ndash; 自定义的注释规则，继承 DefaultCommentGenerator 重写 一些方法 &ndash;&gt;-->
<!--        <commentGenerator type="generator.NewbatisGenerator">-->
<!--            &lt;!&ndash; 是否去除自动生成日期的注释 true：是 ： false:否 &ndash;&gt;-->
<!--            <property name="suppressDate" value="true"/>-->
<!--            &lt;!&ndash; 是否去除所有自动生成的注释 true：是 ： false:否 &ndash;&gt;-->
<!--            <property name="suppressAllComments" value="true"/>-->
<!--        </commentGenerator>-->
        <commentGenerator>
            <!-- 是否除去自动生成的注释 -->
            <property name="suppressAllComments" value="true" />
        </commentGenerator>
        <jdbcConnection driverClass="com.mysql.cj.jdbc.Driver"
                        connectionURL="jdbc:mysql://47.103.192.205:3306/cart_exam_gen"
                        userId="root"
                        password="weng">
            <property name="nullCatalogMeansCurrent" value="true"/>
        </jdbcConnection>
        <!--生成entity类存放位置-->
        <javaModelGenerator targetPackage="com.huiahh.cartexam.generator.mybatis.entity" targetProject="/home/huiahh/project-code/competition_software_design/paper-cart/src/main/java">
            <property name="enableSubPackages" value="true"/>
            <property name="trimStrings" value="true"/>
        </javaModelGenerator>
        <!--生成映射文件存放位置-->
        <sqlMapGenerator targetPackage="com.huiahh.cartexam.generator.mybatis.xmlMapper" targetProject="/home/huiahh/project-code/competition_software_design/paper-cart/src/main/java">
            <property name="enableSubPackages" value="true"/>
        </sqlMapGenerator>
        <!--生成Dao类存放位置-->
        <javaClientGenerator type="XMLMAPPER" targetPackage="com.huiahh.cartexam.generator.mybatis.mapper"
                             targetProject="/home/huiahh/project-code/competition_software_design/paper-cart/src/main/java">
            <property name="enableSubPackages" value="true"/>
        </javaClientGenerator>
<!--        <table tableName="exam_admin" domainObjectName="Admin"/>-->
<!--        <table tableName="exam_cart" domainObjectName="Cart"/>-->
<!--        <table tableName="exam_category" domainObjectName="Category"/>-->
<!--        <table tableName="exam_collect" domainObjectName="Collect"/>-->
<!--        <table tableName="exam_comment" domainObjectName="Comment"/>-->
<!--        <table tableName="exam_errorbook" domainObjectName="Errorbook"/>-->
<!--        <table tableName="exam_footprint" domainObjectName="Footprint"/>-->
<!--        <table tableName="exam_issue" domainObjectName="Issue"/>-->
<!--        <table tableName="exam_keyword" domainObjectName="Keyword"/>-->
<!--        <table tableName="exam_major" domainObjectName="Major"/>-->
<!--        <table tableName="exam_paper" domainObjectName="Paper"/>-->
<!--        <table tableName="exam_permission" domainObjectName="Permission"/>-->
<!--        <table tableName="exam_question" domainObjectName="Question"/>-->
<!--        <table tableName="exam_role" domainObjectName="Role"/>-->
<!--        <table tableName="exam_school" domainObjectName="School"/>-->
<!--        <table tableName="exam_search_history" domainObjectName="SearchHistory"/>-->
<!--        <table tableName="exam_topic" domainObjectName="Topic"/>-->
<!--        <table tableName="exam_user" domainObjectName="User"/>-->
        <table tableName="exam_%"
               enableCountByExample="false"
               enableUpdateByExample="false"
               enableDeleteByExample="false"
               enableSelectByExample="false"
               selectByExampleQueryId="false">
            <domainObjectRenamingRule searchString="^Exam" replaceString="" />
        </table>
    </context>
</generatorConfiguration>