<?xml version="1.0" encoding="UTF-8"?>
<!DOCTYPE mapper PUBLIC "-//mybatis.org//DTD Mapper 3.0//EN" "http://mybatis.org/dtd/mybatis-3-mapper.dtd">
<mapper namespace="com.huiahh.cartexam.generator.mapper.AdminMapper">

    <resultMap id="BaseResultMap" type="com.huiahh.cartexam.generator.entity.Admin">
        <id column="admin_id" jdbcType="INTEGER" property="adminId"/>
        <result column="username" jdbcType="VARCHAR" property="username"/>
        <result column="password" jdbcType="VARCHAR" property="password"/>
        <result column="last_login_ip" jdbcType="VARCHAR" property="lastLoginIp"/>
        <result column="last_login_time" jdbcType="TIMESTAMP" property="lastLoginTime"/>
        <result column="avatar" jdbcType="VARCHAR" property="avatar"/>
        <result column="add_time" jdbcType="TIMESTAMP" property="addTime"/>
        <result column="update_time" jdbcType="TIMESTAMP" property="updateTime"/>
        <result column="deleted" jdbcType="BIT" property="deleted"/>
        <result column="role_ids" jdbcType="VARCHAR" property="roleIds"/>
    </resultMap>

    <sql id="Base_Column_List">
    admin_id, username, password, last_login_ip, last_login_time, avatar, add_time, update_time, 
    deleted, role_ids
  </sql>
    <!--根据主键查找admin-->
    <select id="selectByPrimaryKey" parameterType="java.lang.Integer" resultMap="BaseResultMap">
        select
        <include refid="Base_Column_List"/>
        from exam_admin
        where admin_id = #{adminId,jdbcType=INTEGER}
    </select>
    <!--查询全部-->
    <select id="selectAll" resultType="com.huiahh.cartexam.generator.entity.Admin" resultMap="BaseResultMap">
        select
        <include refid="Base_Column_List"/>
        from exam_admin
    </select>
    <!--根据id删除admin-->
    <delete id="deleteAdminById" parameterType="java.lang.Integer">
    delete from exam_admin
    where admin_id = #{adminId,jdbcType=INTEGER}
  </delete>
    <!--插入admin-->
    <insert id="insertSelective" parameterType="com.huiahh.cartexam.generator.entity.Admin">
        insert into exam_admin
        <trim prefix="(" suffix=")" suffixOverrides=",">
            <if test="adminId != null">
                admin_id,
            </if>
            <if test="username != null">
                username,
            </if>
            <if test="password != null">
                password,
            </if>
            <if test="lastLoginIp != null">
                last_login_ip,
            </if>
            <if test="lastLoginTime != null">
                last_login_time,
            </if>
            <if test="avatar != null">
                avatar,
            </if>
            <if test="addTime != null">
                add_time,
            </if>
            <if test="updateTime != null">
                update_time,
            </if>
            <if test="deleted != null">
                deleted,
            </if>
            <if test="roleIds != null">
                role_ids,
            </if>
        </trim>
        <trim prefix="values (" suffix=")" suffixOverrides=",">
            <if test="adminId != null">
                #{adminId,jdbcType=INTEGER},
            </if>
            <if test="username != null">
                #{username,jdbcType=VARCHAR},
            </if>
            <if test="password != null">
                #{password,jdbcType=VARCHAR},
            </if>
            <if test="lastLoginIp != null">
                #{lastLoginIp,jdbcType=VARCHAR},
            </if>
            <if test="lastLoginTime != null">
                #{lastLoginTime,jdbcType=TIMESTAMP},
            </if>
            <if test="avatar != null">
                #{avatar,jdbcType=VARCHAR},
            </if>
            <if test="addTime != null">
                #{addTime,jdbcType=TIMESTAMP},
            </if>
            <if test="updateTime != null">
                #{updateTime,jdbcType=TIMESTAMP},
            </if>
            <if test="deleted != null">
                #{deleted,jdbcType=BIT},
            </if>
            <if test="roleIds != null">
                #{roleIds,jdbcType=VARCHAR},
            </if>
        </trim>
    </insert>
    <!--根据id实现部分更新-->
    <update id="updateByPrimaryKeySelective" parameterType="com.huiahh.cartexam.generator.entity.Admin">
        update exam_admin
        <set>
            <if test="username != null">
                username = #{username,jdbcType=VARCHAR},
            </if>
            <if test="password != null">
                password = #{password,jdbcType=VARCHAR},
            </if>
            <if test="lastLoginIp != null">
                last_login_ip = #{lastLoginIp,jdbcType=VARCHAR},
            </if>
            <if test="lastLoginTime != null">
                last_login_time = #{lastLoginTime,jdbcType=TIMESTAMP},
            </if>
            <if test="avatar != null">
                avatar = #{avatar,jdbcType=VARCHAR},
            </if>
            <if test="addTime != null">
                add_time = #{addTime,jdbcType=TIMESTAMP},
            </if>
            <if test="updateTime != null">
                update_time = #{updateTime,jdbcType=TIMESTAMP},
            </if>
            <if test="deleted != null">
                deleted = #{deleted,jdbcType=BIT},
            </if>
            <if test="roleIds != null">
                role_ids = #{roleIds,jdbcType=VARCHAR},
            </if>
        </set>
        where admin_id = #{adminId,jdbcType=INTEGER}
    </update>
    <!--根据id实现全部更新-->
    <update id="updateByPrimaryKey" parameterType="com.huiahh.cartexam.generator.entity.Admin">
    update exam_admin
    set username = #{username,jdbcType=VARCHAR},
      password = #{password,jdbcType=VARCHAR},
      last_login_ip = #{lastLoginIp,jdbcType=VARCHAR},
      last_login_time = #{lastLoginTime,jdbcType=TIMESTAMP},
      avatar = #{avatar,jdbcType=VARCHAR},
      add_time = #{addTime,jdbcType=TIMESTAMP},
      update_time = #{updateTime,jdbcType=TIMESTAMP},
      deleted = #{deleted,jdbcType=BIT},
      role_ids = #{roleIds,jdbcType=VARCHAR}
    where admin_id = #{adminId,jdbcType=INTEGER}
  </update>
</mapper>