<?xml version="1.0" encoding="UTF-8"?>
<!DOCTYPE mapper PUBLIC "-//mybatis.org//DTD Mapper 3.0//EN" "http://mybatis.org/dtd/mybatis-3-mapper.dtd">
<mapper namespace="com.huiahh.cartexam.generator.mapper.CommentMapper">
    <resultMap id="BaseResultMap" type="com.huiahh.cartexam.generator.entity.Comment">
        <id column="comment_id" jdbcType="INTEGER" property="commentId"/>
        <result column="value_id" jdbcType="INTEGER" property="valueId"/>
        <result column="type" jdbcType="TINYINT" property="type"/>
        <result column="content" jdbcType="VARCHAR" property="content"/>
        <result column="user_id" jdbcType="INTEGER" property="userId"/>
        <result column="has_picture" jdbcType="BIT" property="hasPicture"/>
        <result column="pic_urls" jdbcType="VARCHAR" property="picUrls"/>
        <result column="star" jdbcType="SMALLINT" property="star"/>
        <result column="add_time" jdbcType="TIMESTAMP" property="addTime"/>
        <result column="update_time" jdbcType="TIMESTAMP" property="updateTime"/>
        <result column="deleted" jdbcType="BIT" property="deleted"/>
    </resultMap>
    <sql id="Base_Column_List">
    comment_id, value_id, type, content, user_id, has_picture, pic_urls, star, add_time, 
    update_time, deleted
  </sql>
    <select id="selectByPrimaryKey" parameterType="java.lang.Integer" resultMap="BaseResultMap">
        select
        <include refid="Base_Column_List"/>
        from exam_comment
        where comment_id = #{commentId,jdbcType=INTEGER}
    </select>
    <delete id="deleteByPrimaryKey" parameterType="java.lang.Integer">
    delete from exam_comment
    where comment_id = #{commentId,jdbcType=INTEGER}
  </delete>

    <insert id="insertSelective" parameterType="com.huiahh.cartexam.generator.entity.Comment">
        insert into exam_comment
        <trim prefix="(" suffix=")" suffixOverrides=",">
            <if test="commentId != null">
                comment_id,
            </if>
            <if test="valueId != null">
                value_id,
            </if>
            <if test="type != null">
                type,
            </if>
            <if test="content != null">
                content,
            </if>
            <if test="userId != null">
                user_id,
            </if>
            <if test="hasPicture != null">
                has_picture,
            </if>
            <if test="picUrls != null">
                pic_urls,
            </if>
            <if test="star != null">
                star,
            </if>
            <if test="addTime != null">
                add_time,
            </if>
            <if test="updateTime != null">
                update_time,
            </if>
            <if test="deleted != null">
                deleted,
            </if>
        </trim>
        <trim prefix="values (" suffix=")" suffixOverrides=",">
            <if test="commentId != null">
                #{commentId,jdbcType=INTEGER},
            </if>
            <if test="valueId != null">
                #{valueId,jdbcType=INTEGER},
            </if>
            <if test="type != null">
                #{type,jdbcType=TINYINT},
            </if>
            <if test="content != null">
                #{content,jdbcType=VARCHAR},
            </if>
            <if test="userId != null">
                #{userId,jdbcType=INTEGER},
            </if>
            <if test="hasPicture != null">
                #{hasPicture,jdbcType=BIT},
            </if>
            <if test="picUrls != null">
                #{picUrls,jdbcType=VARCHAR},
            </if>
            <if test="star != null">
                #{star,jdbcType=SMALLINT},
            </if>
            <if test="addTime != null">
                #{addTime,jdbcType=TIMESTAMP},
            </if>
            <if test="updateTime != null">
                #{updateTime,jdbcType=TIMESTAMP},
            </if>
            <if test="deleted != null">
                #{deleted,jdbcType=BIT},
            </if>
        </trim>
    </insert>
    <!--根据id实现部分更新-->
    <update id="updateByPrimaryKeySelective" parameterType="com.huiahh.cartexam.generator.entity.Comment">
        update exam_comment
        <set>
            <if test="valueId != null">
                value_id = #{valueId,jdbcType=INTEGER},
            </if>
            <if test="type != null">
                type = #{type,jdbcType=TINYINT},
            </if>
            <if test="content != null">
                content = #{content,jdbcType=VARCHAR},
            </if>
            <if test="userId != null">
                user_id = #{userId,jdbcType=INTEGER},
            </if>
            <if test="hasPicture != null">
                has_picture = #{hasPicture,jdbcType=BIT},
            </if>
            <if test="picUrls != null">
                pic_urls = #{picUrls,jdbcType=VARCHAR},
            </if>
            <if test="star != null">
                star = #{star,jdbcType=SMALLINT},
            </if>
            <if test="addTime != null">
                add_time = #{addTime,jdbcType=TIMESTAMP},
            </if>
            <if test="updateTime != null">
                update_time = #{updateTime,jdbcType=TIMESTAMP},
            </if>
            <if test="deleted != null">
                deleted = #{deleted,jdbcType=BIT},
            </if>
        </set>
        where comment_id = #{commentId,jdbcType=INTEGER}
    </update>
    <update id="updateByPrimaryKey" parameterType="com.huiahh.cartexam.generator.entity.Comment">
    update exam_comment
    set value_id = #{valueId,jdbcType=INTEGER},
      type = #{type,jdbcType=TINYINT},
      content = #{content,jdbcType=VARCHAR},
      user_id = #{userId,jdbcType=INTEGER},
      has_picture = #{hasPicture,jdbcType=BIT},
      pic_urls = #{picUrls,jdbcType=VARCHAR},
      star = #{star,jdbcType=SMALLINT},
      add_time = #{addTime,jdbcType=TIMESTAMP},
      update_time = #{updateTime,jdbcType=TIMESTAMP},
      deleted = #{deleted,jdbcType=BIT}
    where comment_id = #{commentId,jdbcType=INTEGER}
  </update>
</mapper>