<?xml version="1.0" encoding="UTF-8"?>
<!DOCTYPE mapper PUBLIC "-//mybatis.org//DTD Mapper 3.0//EN" "http://mybatis.org/dtd/mybatis-3-mapper.dtd">
<mapper namespace="com.huiahh.cartexam.generator.mapper.FeedbackMapper">
    <resultMap id="BaseResultMap" type="com.huiahh.cartexam.generator.entity.Feedback">
        <id column="feedback_id" jdbcType="INTEGER" property="feedbackId"/>
        <result column="user_id" jdbcType="INTEGER" property="userId"/>
        <result column="username" jdbcType="VARCHAR" property="username"/>
        <result column="mobile" jdbcType="VARCHAR" property="mobile"/>
        <result column="feed_type" jdbcType="TINYINT" property="feedType"/>
        <result column="content" jdbcType="VARCHAR" property="content"/>
        <result column="status" jdbcType="INTEGER" property="status"/>
        <result column="has_picture" jdbcType="BIT" property="hasPicture"/>
        <result column="pic_urls" jdbcType="VARCHAR" property="picUrls"/>
        <result column="add_time" jdbcType="TIMESTAMP" property="addTime"/>
        <result column="update_time" jdbcType="TIMESTAMP" property="updateTime"/>
        <result column="deleted" jdbcType="BIT" property="deleted"/>
    </resultMap>
    <sql id="Base_Column_List">
    feedback_id, user_id, username, mobile, feed_type, content, status, has_picture, 
    pic_urls, add_time, update_time, deleted
  </sql>
    <select id="selectByPrimaryKey" parameterType="java.lang.Integer" resultMap="BaseResultMap">
        select
        <include refid="Base_Column_List"/>
        from exam_feedback
        where feedback_id = #{feedbackId,jdbcType=INTEGER}
    </select>
    <delete id="deleteByPrimaryKey" parameterType="java.lang.Integer">
    delete from exam_feedback
    where feedback_id = #{feedbackId,jdbcType=INTEGER}
  </delete>

    <insert id="insertSelective" parameterType="com.huiahh.cartexam.generator.entity.Feedback">
        insert into exam_feedback
        <trim prefix="(" suffix=")" suffixOverrides=",">
            <if test="feedbackId != null">
                feedback_id,
            </if>
            <if test="userId != null">
                user_id,
            </if>
            <if test="username != null">
                username,
            </if>
            <if test="mobile != null">
                mobile,
            </if>
            <if test="feedType != null">
                feed_type,
            </if>
            <if test="content != null">
                content,
            </if>
            <if test="status != null">
                status,
            </if>
            <if test="hasPicture != null">
                has_picture,
            </if>
            <if test="picUrls != null">
                pic_urls,
            </if>
            <if test="addTime != null">
                add_time,
            </if>
            <if test="updateTime != null">
                update_time,
            </if>
            <if test="deleted != null">
                deleted,
            </if>
        </trim>
        <trim prefix="values (" suffix=")" suffixOverrides=",">
            <if test="feedbackId != null">
                #{feedbackId,jdbcType=INTEGER},
            </if>
            <if test="userId != null">
                #{userId,jdbcType=INTEGER},
            </if>
            <if test="username != null">
                #{username,jdbcType=VARCHAR},
            </if>
            <if test="mobile != null">
                #{mobile,jdbcType=VARCHAR},
            </if>
            <if test="feedType != null">
                #{feedType,jdbcType=TINYINT},
            </if>
            <if test="content != null">
                #{content,jdbcType=VARCHAR},
            </if>
            <if test="status != null">
                #{status,jdbcType=INTEGER},
            </if>
            <if test="hasPicture != null">
                #{hasPicture,jdbcType=BIT},
            </if>
            <if test="picUrls != null">
                #{picUrls,jdbcType=VARCHAR},
            </if>
            <if test="addTime != null">
                #{addTime,jdbcType=TIMESTAMP},
            </if>
            <if test="updateTime != null">
                #{updateTime,jdbcType=TIMESTAMP},
            </if>
            <if test="deleted != null">
                #{deleted,jdbcType=BIT},
            </if>
        </trim>
    </insert>
    <update id="updateByPrimaryKeySelective" parameterType="com.huiahh.cartexam.generator.entity.Feedback">
        update exam_feedback
        <set>
            <if test="userId != null">
                user_id = #{userId,jdbcType=INTEGER},
            </if>
            <if test="username != null">
                username = #{username,jdbcType=VARCHAR},
            </if>
            <if test="mobile != null">
                mobile = #{mobile,jdbcType=VARCHAR},
            </if>
            <if test="feedType != null">
                feed_type = #{feedType,jdbcType=TINYINT},
            </if>
            <if test="content != null">
                content = #{content,jdbcType=VARCHAR},
            </if>
            <if test="status != null">
                status = #{status,jdbcType=INTEGER},
            </if>
            <if test="hasPicture != null">
                has_picture = #{hasPicture,jdbcType=BIT},
            </if>
            <if test="picUrls != null">
                pic_urls = #{picUrls,jdbcType=VARCHAR},
            </if>
            <if test="addTime != null">
                add_time = #{addTime,jdbcType=TIMESTAMP},
            </if>
            <if test="updateTime != null">
                update_time = #{updateTime,jdbcType=TIMESTAMP},
            </if>
            <if test="deleted != null">
                deleted = #{deleted,jdbcType=BIT},
            </if>
        </set>
        where feedback_id = #{feedbackId,jdbcType=INTEGER}
    </update>
    <update id="updateByPrimaryKey" parameterType="com.huiahh.cartexam.generator.entity.Feedback">
    update exam_feedback
    set user_id = #{userId,jdbcType=INTEGER},
      username = #{username,jdbcType=VARCHAR},
      mobile = #{mobile,jdbcType=VARCHAR},
      feed_type = #{feedType,jdbcType=TINYINT},
      content = #{content,jdbcType=VARCHAR},
      status = #{status,jdbcType=INTEGER},
      has_picture = #{hasPicture,jdbcType=BIT},
      pic_urls = #{picUrls,jdbcType=VARCHAR},
      add_time = #{addTime,jdbcType=TIMESTAMP},
      update_time = #{updateTime,jdbcType=TIMESTAMP},
      deleted = #{deleted,jdbcType=BIT}
    where feedback_id = #{feedbackId,jdbcType=INTEGER}
  </update>
</mapper>