<?xml version="1.0" encoding="UTF-8"?>
<!DOCTYPE mapper PUBLIC "-//mybatis.org//DTD Mapper 3.0//EN" "http://mybatis.org/dtd/mybatis-3-mapper.dtd">
<mapper namespace="com.huiahh.cartexam.generator.mapper.FootprintMapper">
    <resultMap id="BaseResultMap" type="com.huiahh.cartexam.generator.entity.Footprint">
        <id column="footprint_id" jdbcType="INTEGER" property="footprintId"/>
        <result column="user_id" jdbcType="INTEGER" property="userId"/>
        <result column="question_id" jdbcType="INTEGER" property="questionId"/>
        <result column="add_time" jdbcType="TIMESTAMP" property="addTime"/>
        <result column="update_time" jdbcType="TIMESTAMP" property="updateTime"/>
        <result column="deleted" jdbcType="BIT" property="deleted"/>
    </resultMap>
    <sql id="Base_Column_List">
    footprint_id, user_id, question_id, add_time, update_time, deleted
  </sql>
    <select id="selectByPrimaryKey" parameterType="java.lang.Integer" resultMap="BaseResultMap">
        select
        <include refid="Base_Column_List"/>
        from exam_footprint
        where footprint_id = #{footprintId,jdbcType=INTEGER}
    </select>
    <delete id="deleteByPrimaryKey" parameterType="java.lang.Integer">
    delete from exam_footprint
    where footprint_id = #{footprintId,jdbcType=INTEGER}
  </delete>

    <insert id="insertSelective" parameterType="com.huiahh.cartexam.generator.entity.Footprint">
        insert into exam_footprint
        <trim prefix="(" suffix=")" suffixOverrides=",">
            <if test="footprintId != null">
                footprint_id,
            </if>
            <if test="userId != null">
                user_id,
            </if>
            <if test="questionId != null">
                question_id,
            </if>
            <if test="addTime != null">
                add_time,
            </if>
            <if test="updateTime != null">
                update_time,
            </if>
            <if test="deleted != null">
                deleted,
            </if>
        </trim>
        <trim prefix="values (" suffix=")" suffixOverrides=",">
            <if test="footprintId != null">
                #{footprintId,jdbcType=INTEGER},
            </if>
            <if test="userId != null">
                #{userId,jdbcType=INTEGER},
            </if>
            <if test="questionId != null">
                #{questionId,jdbcType=INTEGER},
            </if>
            <if test="addTime != null">
                #{addTime,jdbcType=TIMESTAMP},
            </if>
            <if test="updateTime != null">
                #{updateTime,jdbcType=TIMESTAMP},
            </if>
            <if test="deleted != null">
                #{deleted,jdbcType=BIT},
            </if>
        </trim>
    </insert>
    <update id="updateByPrimaryKeySelective" parameterType="com.huiahh.cartexam.generator.entity.Footprint">
        update exam_footprint
        <set>
            <if test="userId != null">
                user_id = #{userId,jdbcType=INTEGER},
            </if>
            <if test="questionId != null">
                question_id = #{questionId,jdbcType=INTEGER},
            </if>
            <if test="addTime != null">
                add_time = #{addTime,jdbcType=TIMESTAMP},
            </if>
            <if test="updateTime != null">
                update_time = #{updateTime,jdbcType=TIMESTAMP},
            </if>
            <if test="deleted != null">
                deleted = #{deleted,jdbcType=BIT},
            </if>
        </set>
        where footprint_id = #{footprintId,jdbcType=INTEGER}
    </update>
    <update id="updateByPrimaryKey" parameterType="com.huiahh.cartexam.generator.entity.Footprint">
    update exam_footprint
    set user_id = #{userId,jdbcType=INTEGER},
      question_id = #{questionId,jdbcType=INTEGER},
      add_time = #{addTime,jdbcType=TIMESTAMP},
      update_time = #{updateTime,jdbcType=TIMESTAMP},
      deleted = #{deleted,jdbcType=BIT}
    where footprint_id = #{footprintId,jdbcType=INTEGER}
  </update>
</mapper>