<?xml version="1.0" encoding="UTF-8"?>
<!DOCTYPE mapper PUBLIC "-//mybatis.org//DTD Mapper 3.0//EN" "http://mybatis.org/dtd/mybatis-3-mapper.dtd">
<mapper namespace="com.huiahh.cartexam.generator.mapper.IssueMapper">
    <resultMap id="BaseResultMap" type="com.huiahh.cartexam.generator.entity.Issue">
        <id column="issue_id" jdbcType="INTEGER" property="issueId"/>
        <result column="question" jdbcType="VARCHAR" property="question"/>
        <result column="answer" jdbcType="VARCHAR" property="answer"/>
        <result column="add_time" jdbcType="TIMESTAMP" property="addTime"/>
        <result column="update_time" jdbcType="TIMESTAMP" property="updateTime"/>
        <result column="deleted" jdbcType="BIT" property="deleted"/>
        <result column="feedback_id" jdbcType="INTEGER" property="feedbackId"/>
    </resultMap>
    <sql id="Base_Column_List">
    issue_id, question, answer, add_time, update_time, deleted, feedback_id
  </sql>
    <select id="selectByPrimaryKey" parameterType="java.lang.Integer" resultMap="BaseResultMap">
        select
        <include refid="Base_Column_List"/>
        from exam_issue
        where issue_id = #{issueId,jdbcType=INTEGER}
    </select>
    <delete id="deleteByPrimaryKey" parameterType="java.lang.Integer">
    delete from exam_issue
    where issue_id = #{issueId,jdbcType=INTEGER}
  </delete>

    <insert id="insertSelective" parameterType="com.huiahh.cartexam.generator.entity.Issue">
        insert into exam_issue
        <trim prefix="(" suffix=")" suffixOverrides=",">
            <if test="issueId != null">
                issue_id,
            </if>
            <if test="question != null">
                question,
            </if>
            <if test="answer != null">
                answer,
            </if>
            <if test="addTime != null">
                add_time,
            </if>
            <if test="updateTime != null">
                update_time,
            </if>
            <if test="deleted != null">
                deleted,
            </if>
            <if test="feedbackId != null">
                feedback_id,
            </if>
        </trim>
        <trim prefix="values (" suffix=")" suffixOverrides=",">
            <if test="issueId != null">
                #{issueId,jdbcType=INTEGER},
            </if>
            <if test="question != null">
                #{question,jdbcType=VARCHAR},
            </if>
            <if test="answer != null">
                #{answer,jdbcType=VARCHAR},
            </if>
            <if test="addTime != null">
                #{addTime,jdbcType=TIMESTAMP},
            </if>
            <if test="updateTime != null">
                #{updateTime,jdbcType=TIMESTAMP},
            </if>
            <if test="deleted != null">
                #{deleted,jdbcType=BIT},
            </if>
            <if test="feedbackId != null">
                #{feedbackId,jdbcType=INTEGER},
            </if>
        </trim>
    </insert>
    <update id="updateByPrimaryKeySelective" parameterType="com.huiahh.cartexam.generator.entity.Issue">
        update exam_issue
        <set>
            <if test="question != null">
                question = #{question,jdbcType=VARCHAR},
            </if>
            <if test="answer != null">
                answer = #{answer,jdbcType=VARCHAR},
            </if>
            <if test="addTime != null">
                add_time = #{addTime,jdbcType=TIMESTAMP},
            </if>
            <if test="updateTime != null">
                update_time = #{updateTime,jdbcType=TIMESTAMP},
            </if>
            <if test="deleted != null">
                deleted = #{deleted,jdbcType=BIT},
            </if>
            <if test="feedbackId != null">
                feedback_id = #{feedbackId,jdbcType=INTEGER},
            </if>
        </set>
        where issue_id = #{issueId,jdbcType=INTEGER}
    </update>
    <update id="updateByPrimaryKey" parameterType="com.huiahh.cartexam.generator.entity.Issue">
    update exam_issue
    set question = #{question,jdbcType=VARCHAR},
      answer = #{answer,jdbcType=VARCHAR},
      add_time = #{addTime,jdbcType=TIMESTAMP},
      update_time = #{updateTime,jdbcType=TIMESTAMP},
      deleted = #{deleted,jdbcType=BIT},
      feedback_id = #{feedbackId,jdbcType=INTEGER}
    where issue_id = #{issueId,jdbcType=INTEGER}
  </update>
</mapper>