<?xml version="1.0" encoding="UTF-8"?>
<!DOCTYPE mapper PUBLIC "-//mybatis.org//DTD Mapper 3.0//EN" "http://mybatis.org/dtd/mybatis-3-mapper.dtd">
<mapper namespace="com.huiahh.cartexam.generator.mapper.MajorMapper">
    <resultMap id="BaseResultMap" type="com.huiahh.cartexam.generator.entity.Major">
        <id column="major_id" jdbcType="INTEGER" property="majorId"/>
        <result column="school_id" jdbcType="INTEGER" property="schoolId"/>
        <result column="major_name" jdbcType="VARCHAR" property="majorName"/>
        <result column="add_time" jdbcType="TIMESTAMP" property="addTime"/>
        <result column="update_time" jdbcType="TIMESTAMP" property="updateTime"/>
        <result column="deleted" jdbcType="BIT" property="deleted"/>
    </resultMap>
    <sql id="Base_Column_List">
    major_id, school_id, major_name, add_time, update_time, deleted
  </sql>
    <select id="selectByPrimaryKey" parameterType="java.lang.Integer" resultMap="BaseResultMap">
        select
        <include refid="Base_Column_List"/>
        from exam_major
        where major_id = #{majorId,jdbcType=INTEGER}
    </select>
    <delete id="deleteByPrimaryKey" parameterType="java.lang.Integer">
    delete from exam_major
    where major_id = #{majorId,jdbcType=INTEGER}
  </delete>
    <insert id="insertSelective" parameterType="com.huiahh.cartexam.generator.entity.Major">
        insert into exam_major
        <trim prefix="(" suffix=")" suffixOverrides=",">
            <if test="majorId != null">
                major_id,
            </if>
            <if test="schoolId != null">
                school_id,
            </if>
            <if test="majorName != null">
                major_name,
            </if>
            <if test="addTime != null">
                add_time,
            </if>
            <if test="updateTime != null">
                update_time,
            </if>
            <if test="deleted != null">
                deleted,
            </if>
        </trim>
        <trim prefix="values (" suffix=")" suffixOverrides=",">
            <if test="majorId != null">
                #{majorId,jdbcType=INTEGER},
            </if>
            <if test="schoolId != null">
                #{schoolId,jdbcType=INTEGER},
            </if>
            <if test="majorName != null">
                #{majorName,jdbcType=VARCHAR},
            </if>
            <if test="addTime != null">
                #{addTime,jdbcType=TIMESTAMP},
            </if>
            <if test="updateTime != null">
                #{updateTime,jdbcType=TIMESTAMP},
            </if>
            <if test="deleted != null">
                #{deleted,jdbcType=BIT},
            </if>
        </trim>
    </insert>
    <update id="updateByPrimaryKeySelective" parameterType="com.huiahh.cartexam.generator.entity.Major">
        update exam_major
        <set>
            <if test="schoolId != null">
                school_id = #{schoolId,jdbcType=INTEGER},
            </if>
            <if test="majorName != null">
                major_name = #{majorName,jdbcType=VARCHAR},
            </if>
            <if test="addTime != null">
                add_time = #{addTime,jdbcType=TIMESTAMP},
            </if>
            <if test="updateTime != null">
                update_time = #{updateTime,jdbcType=TIMESTAMP},
            </if>
            <if test="deleted != null">
                deleted = #{deleted,jdbcType=BIT},
            </if>
        </set>
        where major_id = #{majorId,jdbcType=INTEGER}
    </update>
    <update id="updateByPrimaryKey" parameterType="com.huiahh.cartexam.generator.entity.Major">
    update exam_major
    set school_id = #{schoolId,jdbcType=INTEGER},
      major_name = #{majorName,jdbcType=VARCHAR},
      add_time = #{addTime,jdbcType=TIMESTAMP},
      update_time = #{updateTime,jdbcType=TIMESTAMP},
      deleted = #{deleted,jdbcType=BIT}
    where major_id = #{majorId,jdbcType=INTEGER}
  </update>
</mapper>