<?xml version="1.0" encoding="UTF-8"?>
<!DOCTYPE mapper PUBLIC "-//mybatis.org//DTD Mapper 3.0//EN" "http://mybatis.org/dtd/mybatis-3-mapper.dtd">
<mapper namespace="com.huiahh.cartexam.generator.mapper.PermissionMapper">
    <resultMap id="BaseResultMap" type="com.huiahh.cartexam.generator.entity.Permission">
        <id column="permission_id" jdbcType="INTEGER" property="permissionId"/>
        <result column="role_id" jdbcType="INTEGER" property="roleId"/>
        <result column="permission" jdbcType="VARCHAR" property="permission"/>
        <result column="add_time" jdbcType="TIMESTAMP" property="addTime"/>
        <result column="update_time" jdbcType="TIMESTAMP" property="updateTime"/>
        <result column="deleted" jdbcType="BIT" property="deleted"/>
    </resultMap>
    <sql id="Base_Column_List">
    permission_id, role_id, permission, add_time, update_time, deleted
  </sql>
    <select id="selectByPrimaryKey" parameterType="java.lang.Integer" resultMap="BaseResultMap">
        select
        <include refid="Base_Column_List"/>
        from exam_permission
        where permission_id = #{permissionId,jdbcType=INTEGER}
    </select>
    <delete id="deleteByPrimaryKey" parameterType="java.lang.Integer">
    delete from exam_permission
    where permission_id = #{permissionId,jdbcType=INTEGER}
  </delete>

    <insert id="insertSelective" parameterType="com.huiahh.cartexam.generator.entity.Permission">
        insert into exam_permission
        <trim prefix="(" suffix=")" suffixOverrides=",">
            <if test="permissionId != null">
                permission_id,
            </if>
            <if test="roleId != null">
                role_id,
            </if>
            <if test="permission != null">
                permission,
            </if>
            <if test="addTime != null">
                add_time,
            </if>
            <if test="updateTime != null">
                update_time,
            </if>
            <if test="deleted != null">
                deleted,
            </if>
        </trim>
        <trim prefix="values (" suffix=")" suffixOverrides=",">
            <if test="permissionId != null">
                #{permissionId,jdbcType=INTEGER},
            </if>
            <if test="roleId != null">
                #{roleId,jdbcType=INTEGER},
            </if>
            <if test="permission != null">
                #{permission,jdbcType=VARCHAR},
            </if>
            <if test="addTime != null">
                #{addTime,jdbcType=TIMESTAMP},
            </if>
            <if test="updateTime != null">
                #{updateTime,jdbcType=TIMESTAMP},
            </if>
            <if test="deleted != null">
                #{deleted,jdbcType=BIT},
            </if>
        </trim>
    </insert>
    <update id="updateByPrimaryKeySelective" parameterType="com.huiahh.cartexam.generator.entity.Permission">
        update exam_permission
        <set>
            <if test="roleId != null">
                role_id = #{roleId,jdbcType=INTEGER},
            </if>
            <if test="permission != null">
                permission = #{permission,jdbcType=VARCHAR},
            </if>
            <if test="addTime != null">
                add_time = #{addTime,jdbcType=TIMESTAMP},
            </if>
            <if test="updateTime != null">
                update_time = #{updateTime,jdbcType=TIMESTAMP},
            </if>
            <if test="deleted != null">
                deleted = #{deleted,jdbcType=BIT},
            </if>
        </set>
        where permission_id = #{permissionId,jdbcType=INTEGER}
    </update>
    <update id="updateByPrimaryKey" parameterType="com.huiahh.cartexam.generator.entity.Permission">
    update exam_permission
    set role_id = #{roleId,jdbcType=INTEGER},
      permission = #{permission,jdbcType=VARCHAR},
      add_time = #{addTime,jdbcType=TIMESTAMP},
      update_time = #{updateTime,jdbcType=TIMESTAMP},
      deleted = #{deleted,jdbcType=BIT}
    where permission_id = #{permissionId,jdbcType=INTEGER}
  </update>
</mapper>