<?xml version="1.0" encoding="UTF-8"?>
<!DOCTYPE mapper PUBLIC "-//mybatis.org//DTD Mapper 3.0//EN" "http://mybatis.org/dtd/mybatis-3-mapper.dtd">
<mapper namespace="com.huiahh.cartexam.generator.mapper.SearchHistoryMapper">
    <resultMap id="BaseResultMap" type="com.huiahh.cartexam.generator.entity.SearchHistory">
        <id column="search_history_id" jdbcType="INTEGER" property="searchHistoryId"/>
        <result column="user_id" jdbcType="INTEGER" property="userId"/>
        <result column="keyword" jdbcType="VARCHAR" property="keyword"/>
        <result column="add_time" jdbcType="TIMESTAMP" property="addTime"/>
        <result column="update_time" jdbcType="TIMESTAMP" property="updateTime"/>
        <result column="deleted" jdbcType="BIT" property="deleted"/>
    </resultMap>
    <sql id="Base_Column_List">
    search_history_id, user_id, keyword, add_time, update_time, deleted
  </sql>
    <select id="selectByPrimaryKey" parameterType="java.lang.Integer" resultMap="BaseResultMap">
        select
        <include refid="Base_Column_List"/>
        from exam_search_history
        where search_history_id = #{searchHistoryId,jdbcType=INTEGER}
    </select>
    <delete id="deleteByPrimaryKey" parameterType="java.lang.Integer">
    delete from exam_search_history
    where search_history_id = #{searchHistoryId,jdbcType=INTEGER}
  </delete>

    <insert id="insertSelective" parameterType="com.huiahh.cartexam.generator.entity.SearchHistory">
        insert into exam_search_history
        <trim prefix="(" suffix=")" suffixOverrides=",">
            <if test="searchHistoryId != null">
                search_history_id,
            </if>
            <if test="userId != null">
                user_id,
            </if>
            <if test="keyword != null">
                keyword,
            </if>
            <if test="addTime != null">
                add_time,
            </if>
            <if test="updateTime != null">
                update_time,
            </if>
            <if test="deleted != null">
                deleted,
            </if>
        </trim>
        <trim prefix="values (" suffix=")" suffixOverrides=",">
            <if test="searchHistoryId != null">
                #{searchHistoryId,jdbcType=INTEGER},
            </if>
            <if test="userId != null">
                #{userId,jdbcType=INTEGER},
            </if>
            <if test="keyword != null">
                #{keyword,jdbcType=VARCHAR},
            </if>
            <if test="addTime != null">
                #{addTime,jdbcType=TIMESTAMP},
            </if>
            <if test="updateTime != null">
                #{updateTime,jdbcType=TIMESTAMP},
            </if>
            <if test="deleted != null">
                #{deleted,jdbcType=BIT},
            </if>
        </trim>
    </insert>
    <update id="updateByPrimaryKeySelective" parameterType="com.huiahh.cartexam.generator.entity.SearchHistory">
        update exam_search_history
        <set>
            <if test="userId != null">
                user_id = #{userId,jdbcType=INTEGER},
            </if>
            <if test="keyword != null">
                keyword = #{keyword,jdbcType=VARCHAR},
            </if>
            <if test="addTime != null">
                add_time = #{addTime,jdbcType=TIMESTAMP},
            </if>
            <if test="updateTime != null">
                update_time = #{updateTime,jdbcType=TIMESTAMP},
            </if>
            <if test="deleted != null">
                deleted = #{deleted,jdbcType=BIT},
            </if>
        </set>
        where search_history_id = #{searchHistoryId,jdbcType=INTEGER}
    </update>
    <update id="updateByPrimaryKey" parameterType="com.huiahh.cartexam.generator.entity.SearchHistory">
    update exam_search_history
    set user_id = #{userId,jdbcType=INTEGER},
      keyword = #{keyword,jdbcType=VARCHAR},
      add_time = #{addTime,jdbcType=TIMESTAMP},
      update_time = #{updateTime,jdbcType=TIMESTAMP},
      deleted = #{deleted,jdbcType=BIT}
    where search_history_id = #{searchHistoryId,jdbcType=INTEGER}
  </update>
</mapper>